ChEMBL ID,Drug name,Bioactivity (nM),Source,Docking score,MMGBSA dG Bind,Leu932 hinge,Leu932 hinge (H-bond),Glu930 hinge,Glu930 hinge (H-bond),Lys943,Arg980,Asp994 DFG,Asp994 DFG (H-bond),Asn981,Leu855 β1,Leu855 β1 )H-bond),Val863 front pocket,Ala880 front pocket,Leu983 front pocket,Val911 back pocket,Gly993 selectivity pocket,Phe860 G-loop,Asn859 G-loop,Asn859 G-loop (H-bond),Ser936 water region,Asp939 water region,FPO_VAL863,FPO_ALA880,FPO_LEU983,FPO_VAL911,FPO_GLY993,FPO_MET929,FPO_TYR931,FPO_LEU855
CHEMBL1078178,MOMELOTINIB,11,Native ligand,-11.163,-94.32,1,Yes,1,NO,NO,NO,1,Yes,NO,1,NO,1,1,1,1,1,1,1,NO,0,0,1,1,1,1,1,1,1,1
CHEMBL5314485,ROVADICITINIB,20,Clinical controls,-10.805,-55.45,1,Yes,1,Yes,NO,NO,1,NO,NO,1,NO,1,1,1,1,1,0,0,NO,1,0,1,1,1,1,1,1,1,1
CHEMBL475251,R-406,6,Clinical controls,-10.339,-70.7,1,Yes,1,NO,NO,NO,1,NO,NO,1,NO,1,1,1,1,1,0,0,NO,1,0,1,1,1,1,1,1,1,1
CHEMBL4594275,GUSACITINIB,4,Clinical controls,-10.323,-70.24,1,Yes,1,Yes,Yes,NO,1,NO,NO,1,NO,1,1,1,1,1,0,0,NO,1,0,1,1,1,1,1,1,1,1
CHEMBL3301625,SPEBRUTINIB,533.7,Clinical controls,-10.195,-72.15,1,Yes,1,NO,NO,NO,1,NO,NO,1,NO,1,1,1,1,1,0,1,NO,1,1,1,1,1,1,1,1,1,1
CHEMBL191003,JNJ-7706621,1,Clinical controls,-10.172,-65.99,1,Yes,1,Yes,NO,NO,1,NO,NO,1,NO,1,1,1,1,1,0,0,NO,0,0,1,1,1,1,1,1,1,1
CHEMBL4582651,PRALSETINIB,2,Clinical controls,-9.901,-76.81,1,Yes,1,Yes,NO,NO,1,NO,NO,1,NO,1,1,1,1,1,0,1,NO,1,0,1,1,1,1,1,1,1,1
CHEMBL4594441,IFIDANCITINIB,12,Clinical controls,-9.669,-62.69,1,Yes,1,NO,NO,NO,1,NO,NO,1,Yes,1,1,1,1,1,0,0,NO,1,1,1,1,1,1,1,1,1,1
CHEMBL1289494,TIVOZANIB,1,Clinical controls,-9.493,-77.45,1,Yes,1,NO,NO,Yes,1,NO,NO,1,NO,1,1,1,1,1,0,1,NO,1,0,1,1,1,1,1,1,1,1
CHEMBL3137308,PEFICITINIB,5,Clinical controls,-9.43,-41.81,1,Yes,1,Yes,NO,NO,1,NO,Yes,1,NO,1,1,1,1,1,0,0,NO,1,0,1,1,1,1,1,1,1,1
CHEMBL1789941,RUXOLITINIB,2.8,Clinical controls,-9.387,-53.22,1,Yes,1,Yes,NO,NO,1,NO,NO,1,NO,1,1,1,1,1,0,0,NO,1,0,1,1,1,1,1,1,1,1
CHEMBL3137331,DEFACTINIB,28.21,Clinical controls,-9.3,-62.77,1,NO,1,Yes,Yes,NO,1,NO,NO,1,NO,1,1,1,1,1,0,0,NO,1,0,1,1,1,1,1,1,1,1
CHEMBL2103874,OCLACITINIB,17.5,Clinical controls,-9.152,-56.88,1,Yes,1,Yes,NO,NO,1,NO,Yes,1,NO,1,1,1,1,1,0,1,NO,1,0,1,1,1,1,1,1,1,1
CHEMBL1287853,FEDRATINIB,10,Clinical controls,-9.132,-73.81,1,Yes,1,NO,NO,NO,1,NO,NO,1,NO,1,1,1,1,1,0,1,NO,1,0,1,1,1,1,1,1,1,1
CHEMBL3039513,DECERNOTINIB,619,Clinical controls,-9.115,-77.71,1,Yes,1,NO,NO,NO,1,NO,NO,1,NO,1,1,1,1,1,0,0,NO,1,0,1,1,1,1,1,1,1,1
CHEMBL3265032,ENTOSPLETINIB,143,Clinical controls,-8.875,-77.73,1,Yes,1,NO,NO,NO,1,Yes,NO,1,NO,1,1,1,1,1,0,0,NO,0,1,1,1,1,1,1,1,1,1
CHEMBL5095398,IVARMACITINIB,5,Clinical controls,-8.861,-56.01,1,Yes,1,NO,NO,NO,1,NO,NO,1,NO,1,1,1,1,1,0,1,NO,1,0,1,1,1,1,1,1,1,1
CHEMBL3301606,SOLCITINIB,67,Clinical controls,-8.754,-69.24,1,Yes,1,NO,NO,NO,1,NO,NO,1,NO,1,1,1,1,1,0,1,NO,1,0,1,1,1,1,1,1,1,1
CHEMBL3986824,LANRAPLENIB,120,Clinical controls,-8.652,-64.75,1,Yes,1,NO,Yes,NO,1,NO,NO,1,NO,1,1,1,1,1,0,0,NO,1,0,1,1,1,1,1,1,1,1
CHEMBL2107823,GANDOTINIB,68,Clinical controls,-8.591,-69.11,1,Yes,1,Yes,NO,NO,1,NO,NO,1,NO,1,1,1,1,1,0,0,NO,1,0,1,1,1,1,1,1,1,1
CHEMBL3655081,ABROCITINIB,36,Clinical controls,-8.445,-46.75,1,Yes,1,NO,NO,NO,1,NO,NO,1,NO,1,1,1,1,1,0,0,NO,0,0,1,1,1,1,1,1,1,1
CHEMBL3986824,LANRAPLENIB,120,Clinical controls,-8.14,-72.86,1,Yes,1,NO,NO,NO,1,Yes,NO,1,NO,1,1,1,1,1,0,0,NO,1,0,1,1,1,1,1,1,1,1
CHEMBL4459585,ROPSACITINIB,74,Clinical controls,-8.055,-72.36,1,Yes,1,NO,NO,NO,1,NO,NO,1,NO,1,1,1,1,1,1,1,NO,1,0,1,1,1,1,1,1,1,1
CHEMBL4297477,BREPOCITINIB,77,Clinical controls,-7.95,-80.73,1,Yes,1,NO,NO,NO,1,NO,NO,1,NO,1,1,1,1,1,0,0,NO,1,0,1,1,1,1,1,1,1,1
CHEMBL4066193,ATINVICITINIB,600,Clinical controls,-7.739,-70.87,1,Yes,1,Yes,NO,NO,1,NO,NO,1,NO,1,1,1,1,1,0,1,NO,1,0,1,1,1,1,1,1,1,1
CHEMBL4447181,LONDAMOCITINIB,686,Clinical controls,-7.648,-70.07,1,NO,0,NO,NO,NO,1,NO,Yes,1,NO,1,1,1,0,0,0,1,NO,1,0,1,1,1,0,0,0,1,1
CHEMBL3622821,UPADACITINIB,593,Clinical controls,-7.507,-53.27,1,Yes,1,Yes,NO,NO,1,Yes,NO,1,NO,1,1,1,1,1,0,0,NO,1,0,1,1,1,1,1,1,1,1
CHEMBL4303389,NS-018,41,Clinical controls,-7.165,-62.71,1,Yes,1,NO,NO,NO,1,NO,NO,1,NO,1,1,1,1,0,0,0,NO,1,0,1,1,1,1,0,1,1,1
NA,Quercetin,NA,Curated CMap candidates,-10.439,-52.23,1,Yes,1,Yes,NO,NO,1,Yes,NO,1,Yes,1,1,1,1,1,0,0,NO,0,0,1,1,1,1,1,1,1,1
NA,Curcumin,NA,Curated CMap candidates,-10.181,-62.41,1,Yes,1,Yes,NO,NO,1,NO,NO,1,NO,1,1,1,1,1,0,0,NO,1,0,1,1,1,1,1,1,1,1
NA,TG-101348,NA,Curated CMap candidates,-9.541,-68.62,1,Yes,1,NO,NO,NO,1,NO,NO,1,NO,1,1,1,1,1,0,1,NO,1,1,1,1,1,1,1,1,1,1
NA,Resveratrol,NA,Curated CMap candidates,-8.57,-55.91,1,Yes,1,Yes,NO,NO,1,Yes,NO,1,NO,1,1,1,1,1,0,0,NO,0,0,1,1,1,1,1,1,1,1
NA,AS-601245,NA,Curated CMap candidates,-8.308,-53.6,1,Yes,1,NO,NO,NO,1,NO,NO,1,NO,1,1,1,1,1,0,0,NO,1,0,1,1,1,1,1,1,1,1
NA,TPCA-1,NA,Curated CMap candidates,-7.388,-63.13,1,Yes,1,Yes,NO,NO,1,NO,NO,1,NO,1,1,1,1,1,0,0,NO,1,0,1,1,1,1,1,1,1,1
NA,Dasatinib,NA,Curated CMap candidates,-7.287,-92.95,1,Yes,1,NO,NO,NO,1,NO,NO,1,NO,1,1,1,1,1,0,0,NO,0,0,1,1,1,1,1,1,1,1
NA,GSK-461364,NA,Curated CMap candidates,-7.108,-65.23,1,NO,1,NO,NO,NO,1,NO,NO,1,Yes,1,1,1,1,1,0,1,NO,1,0,1,1,1,1,1,1,1,1
NA,Methotrexate,NA,Curated CMap candidates,-6.654,-47.87,1,NO,0,NO,NO,NO,1,NO,Yes,1,Yes,1,1,1,1,1,0,0,NO,1,0,1,1,1,1,1,0,1,1
NA,XMD16-144,NA,Curated CMap candidates,-6.636,-58.24,1,NO,1,NO,Yes,NO,1,NO,NO,1,NO,1,1,1,1,1,0,0,Yes,1,1,1,1,1,1,1,1,1,1
NA,SB590885,NA,Curated CMap candidates,-6.453,-62.88,1,NO,1,NO,NO,NO,1,NO,NO,1,NO,1,1,1,1,1,1,1,NO,1,0,1,1,1,1,1,1,1,1
CHEMBL3986660,NA,1000,Chembl molecule,-13.929,-73.76,1,Yes,1,Yes,NO,Yes,1,NO,NO,1,NO,1,1,1,1,1,0,1,NO,0,0,1,1,1,1,1,1,1,1
CHEMBL3335695,NA,4.6,Chembl molecule,-13.608,-78.68,1,Yes,1,NO,NO,NO,1,NO,NO,1,NO,1,1,1,1,1,1,1,Yes,0,0,1,1,1,1,1,1,1,1
CHEMBL3644975,NA,18,Chembl molecule,-13.676,-73.77,1,Yes,1,NO,NO,NO,1,NO,NO,1,NO,1,1,1,1,1,1,1,Yes,1,1,1,1,1,1,1,1,1,1
CHEMBL4638696,NA,1.8,Chembl molecule,-13.14,-71.18,1,Yes,1,NO,NO,NO,1,Yes,NO,1,NO,1,1,1,1,1,1,1,Yes,0,1,1,1,1,1,1,1,1,1
CHEMBL3699463,NA,3,Chembl molecule,-12.884,-85.82,1,Yes,1,NO,NO,NO,1,Yes,NO,1,NO,1,1,1,1,1,0,0,NO,1,1,1,1,1,1,1,1,1,1
CHEMBL4862564,NA,1,Chembl molecule,-12.84,-79.39,1,Yes,1,NO,NO,NO,1,NO,NO,1,NO,1,1,1,1,1,0,0,NO,0,1,1,1,1,1,1,1,1,1
CHEMBL5192393,NA,1000,Chembl molecule,-12.579,-59.56,1,Yes,1,NO,NO,Yes,1,NO,NO,1,NO,1,1,1,1,1,0,1,NO,1,1,1,1,1,1,1,1,1,1
EN37,NA,NA,Enamine,-11.076,-79.18,1,Yes,1,NO,NO,NO,1,NO,NO,1,NO,1,1,1,1,1,0,0,NO,0,0,1,1,1,1,1,1,1,1
EN84,NA,NA,Enamine,-10.529,-82.7,1,Yes,1,NO,NO,NO,1,NO,NO,1,NO,1,1,1,1,1,0,0,NO,0,0,1,1,1,1,1,1,1,1
PUBCHEM CID637308,NA,NA,Pubchem,-9.756,-79.01,1,Yes,1,NO,NO,NO,1,NO,NO,1,NO,1,1,1,1,1,0,0,NO,1,0,1,1,1,1,1,1,1,1
PUBCHEM CID5280537,NA,NA,Pubchem,-9.89,-75.86,1,Yes,1,NO,NO,NO,1,NO,NO,1,NO,1,1,1,1,1,0,0,NO,1,0,1,1,1,1,1,1,1,1
ZINC000149253998,NA,NA,ZincDatabase,-9.869,-74.6,1,Yes,1,Yes,NO,NO,1,NO,Yes,1,NO,1,1,1,1,1,0,0,NO,1,0,1,1,1,1,1,1,1,1
EN65,NA,NA,Enamine,-10.997,-72.48,1,Yes,1,NO,NO,NO,1,NO,NO,1,NO,1,1,1,1,1,0,0,NO,0,0,1,1,1,1,1,1,1,1
